{
    "MaterialOrderDelay": 0.8268691256127213,
    "delayTimeShipping_amp": 0.5,
    "LagerLimit": 231391,
    "ProductionDelay": 0.777488534882667,
    "CoverageLimit": 19473,
    "ProductionLimit": 30000,
    "readytoshipDelay": 0.7833762839082203,
    "LimitfinishedInventory": 77389,
    "MA_Flex_amp": 0.9,
    "Sicherheitsbestand": 88121,
    "delayTimeProduction_amp": 3.279285999578754,
    "MaterialOrderDelay1": 0.7876874018759432,
    "LagerLimit1": 213964,
    "ProductionDelay1": 0.7082631219444059,
    "CoverageLimit1": 26565,
    "ProductionLimit1": 30000,
    "readytoshipDelay1": 0.7104503191490766,
    "LimitfinishedInventory1": 300000,
    "Sicherheitsbestand1": 39978,
    "MA_Flex_freq": 0.8382529830802137,
    "MA_Flex_shift": 8.074261724034347,
    "MA_Flex_offset": 0.5863044612179384,
    "delayTimeShipping_freq": 0.14704601530818906,
    "delayTimeShipping_shift": 24.477179255262275,
    "delayTimeShipping_offset": 1,
    "delayTimeProduction_freq": 0.2674756926588383,
    "delayTimeProduction_shift": 0.0731968256789425,
    "delayTimeProduction_offset": 2.3715448370176384,
    "delayTimeShipping_amp1": 2.948810325443881,
    "MA_Flex_amp1": 0.662869377959149,
    "delayTimeProduction_amp1": 2.697147716069236,
    "MA_Flex_freq1": 0.41897213598099853,
    "MA_Flex_shift1": 20.634006680449737,
    "MA_Flex_offset1": 0.5876398914970715,
    "delayTimeShipping_freq1": 0.21168880676198742,
    "delayTimeShipping_shift1": 5.119604634175186,
    "delayTimeShipping_offset1": 2.0710913428856217,
    "delayTimeProduction_freq1": 0.0337679408097158,
    "delayTimeProduction_shift1": 2.92702904224385,
    "delayTimeProduction_offset1": 3.1572904461108333,
    "Eingangslager_start1": 7000,
    "TotalCustomerOrder_start1": 216000,
    "Eingangslager_start": 95000,
    "TotalCustomerOrder_start": 179000,
    "event_start": false,
    "event_end": false,
    "search_thresh": false,
    "bound_add": false,
    "productivity_internal": 14,
    "MA_Knappheit": false,
    "Hacker": false,
    "Erdbeeben": false,
    "Lagertechnik": false,
    "Wintersturm": false,
    "Containershortage": false,
    "Grenzschließung": false
}